{
  "minecraft:recipes/decorations/crafting_table": {
    "criteria": {
      "has_planks": "2023-04-16 18:50:34 -0400"
    },
    "done": true
  },
  "minecraft:recipes/redstone/wooden_button": {
    "criteria": {
      "has_planks": "2023-04-16 18:50:34 -0400"
    },
    "done": true
  },
  "gregtech:low_voltage/27_electric_blast_furnace": {
    "criteria": {
      "location": "2023-04-16 19:04:38 -0400"
    },
    "done": true
  },
  "minecraft:recipes/redstone/trapdoor": {
    "criteria": {
      "has_planks": "2023-04-16 18:50:34 -0400"
    },
    "done": true
  },
  "gregtech:ultimate_voltage/79_tritanium_coil": {
    "criteria": {
      "location": "2023-04-16 19:04:48 -0400"
    },
    "done": true
  },
  "minecraft:recipes/decorations/dark_oak_fence": {
    "criteria": {
      "has_planks": "2023-04-16 18:50:34 -0400"
    },
    "done": true
  },
  "minecraft:recipes/building_blocks/dark_oak_stairs": {
    "criteria": {
      "has_planks": "2023-04-16 18:50:34 -0400"
    },
    "done": true
  },
  "gregtech:steam/2_more_tools": {
    "criteria": {
      "location": "2023-04-16 19:02:49 -0400"
    },
    "done": true
  },
  "gregtech:ultimate_voltage/77_ultimate_battery": {
    "criteria": {
      "location": "2023-04-16 19:08:03 -0400"
    },
    "done": true
  },
  "minecraft:recipes/misc/red_dye_from_rose_bush": {
    "criteria": {
      "has_double_plant": "2023-04-16 19:01:16 -0400"
    },
    "done": true
  },
  "gregtech:low_voltage/30_good_electronic_circuit": {
    "criteria": {
      "location": "2023-04-16 19:09:47 -0400"
    },
    "done": true
  },
  "gregtech:medium_voltage/31_mv_energy_hatch": {
    "criteria": {
      "location": "2023-04-16 19:05:38 -0400"
    },
    "done": true
  },
  "minecraft:recipes/redstone/dark_oak_door": {
    "criteria": {
      "has_planks": "2023-04-16 18:50:34 -0400"
    },
    "done": true
  },
  "minecraft:recipes/redstone/wooden_pressure_plate": {
    "criteria": {
      "has_planks": "2023-04-16 18:50:34 -0400"
    },
    "done": true
  },
  "gregtech:steam/83_hp_solar_boiler": {
    "criteria": {
      "location": "2023-04-16 19:03:07 -0400"
    },
    "done": true
  },
  "minecraft:recipes/misc/stick": {
    "criteria": {
      "has_planks": "2023-04-16 18:50:34 -0400"
    },
    "done": true
  },
  "minecraft:recipes/decorations/sign": {
    "criteria": {
      "has_planks": "2023-04-16 18:50:34 -0400"
    },
    "done": true
  },
  "minecraft:recipes/redstone/dark_oak_fence_gate": {
    "criteria": {
      "has_planks": "2023-04-16 18:50:34 -0400"
    },
    "done": true
  },
  "minecraft:recipes/building_blocks/dark_oak_wooden_slab": {
    "criteria": {
      "has_planks": "2023-04-16 18:50:34 -0400"
    },
    "done": true
  },
  "minecraft:adventure/adventuring_time": {
    "criteria": {
      "plains": "2023-04-16 18:47:03 -0400"
    },
    "done": false
  },
  "gregtech:medium_voltage/36_integrated_logic_circuit": {
    "criteria": {
      "location": "2023-04-16 19:09:46 -0400"
    },
    "done": true
  }
}