{"stat.walkOneCm":105925,"stat.pickup.gregtech.meta_item_1":2,"stat.leaveGame":2,"stat.useItem.gregtech.meta_item_1":12,"stat.flyOneCm":43784,"stat.useItem.gregtech.rubber_wood_stairs":47,"stat.jump":43,"stat.playOneMinute":30138,"stat.useItem.minecraft.planks":122,"stat.pickup.gregtech.treated_wood_fence":1,"stat.useItem.minecraft.item_frame":2,"stat.sneakTime":607,"stat.useItem.gregtech.wood_slab":97,"stat.pickup.gregtech.machine":1,"stat.crouchOneCm":1580,"stat.timeSinceDeath":30138,"stat.useItem.gregtech.rubber_log":31,"stat.sprintOneCm":13322,"stat.useItem.gregtech.shovel":32,"stat.useItem.minecraft.stone_slab2":678}